year,state_fips,state,annual_avg_estabs,annual_avg_emplvl
2015,1,Alabama,131,1178
2015,2,Alaska,27,72
2015,4,Arizona,365,9029
2015,5,Arkansas,163,1304
2015,6,California,1791,33110
2015,8,Colorado,510,9014
2015,9,Connecticut,156,1609
2015,10,Delaware,83,1004
2015,11,District of Columbia,79,519
2015,12,Florida,1377,17561
2015,13,Georgia,591,8346
2015,15,Hawaii,90,432
2015,16,Idaho,165,615
2015,17,Illinois,870,10219
2015,18,Indiana,278,3096
2015,19,Iowa,172,5639
2015,20,Kansas,120,1578
2015,21,Kentucky,191,6040
2015,22,Louisiana,194,1784
2015,23,Maine,51,466
2015,24,Maryland,317,3931
2015,25,Massachusetts,418,7518
2015,26,Michigan,791,6125
2015,27,Minnesota,409,6952
2015,28,Mississippi,102,1994
2015,29,Missouri,304,9362
2015,30,Montana,73,455
2015,31,Nebraska,113,4832
2015,32,Nevada,285,1601
2015,33,New Hampshire,97,1421
2015,34,New Jersey,567,9604
2015,35,New Mexico,98,471
2015,36,New York,1004,17021
2015,37,North Carolina,662,12942
2015,38,North Dakota,24,571
2015,39,Ohio,451,6043
2015,40,Oklahoma,172,1280
2015,41,Oregon,296,3807
2015,42,Pennsylvania,585,8921
2015,44,Rhode Island,154,2633
2015,45,South Carolina,261,2553
2015,46,South Dakota,70,123
2015,47,Tennessee,358,4932
2015,48,Texas,1041,33910
2015,49,Utah,270,5525
2015,50,Vermont,37,214
2015,51,Virginia,642,12279
2015,53,Washington,487,7405
2015,54,West Virginia,68,1063
2015,55,Wisconsin,204,8402
2015,56,Wyoming,35,194
2016,1,Alabama,186,1131
2016,2,Alaska,26,70
2016,4,Arizona,369,8709
2016,5,Arkansas,190,1338
2016,6,California,2095,39521
2016,8,Colorado,680,9741
2016,9,Connecticut,158,1493
2016,10,Delaware,92,863
2016,11,District of Columbia,114,596
2016,12,Florida,1473,17429
2016,13,Georgia,652,9703
2016,15,Hawaii,90,364
2016,16,Idaho,188,558
2016,17,Illinois,895,9940
2016,18,Indiana,292,2908
2016,19,Iowa,187,3390
2016,20,Kansas,129,1619
2016,21,Kentucky,197,3558
2016,22,Louisiana,224,1847
2016,23,Maine,61,535
2016,24,Maryland,331,3968
2016,25,Massachusetts,460,8778
2016,26,Michigan,945,6525
2016,27,Minnesota,428,6909
2016,28,Mississippi,103,889
2016,29,Missouri,335,9724
2016,30,Montana,69,428
2016,31,Nebraska,110,4860
2016,32,Nevada,281,1755
2016,33,New Hampshire,97,1687
2016,34,New Jersey,592,9728
2016,35,New Mexico,109,488
2016,36,New York,1000,17269
2016,37,North Carolina,682,13156
2016,38,North Dakota,28,563
2016,39,Ohio,488,6621
2016,40,Oklahoma,174,1309
2016,41,Oregon,299,4100
2016,42,Pennsylvania,634,8860
2016,44,Rhode Island,146,2436
2016,45,South Carolina,315,2819
2016,46,South Dakota,79,135
2016,47,Tennessee,398,4937
2016,48,Texas,1143,32536
2016,49,Utah,288,5579
2016,50,Vermont,43,230
2016,51,Virginia,685,11288
2016,53,Washington,615,9111
2016,54,West Virginia,80,1100
2016,55,Wisconsin,202,7911
2016,56,Wyoming,36,197
2017,1,Alabama,290,1684
2017,2,Alaska,26,75
2017,4,Arizona,384,9357
2017,5,Arkansas,223,1381
2017,6,California,2323,43150
2017,8,Colorado,951,10884
2017,9,Connecticut,172,1501
2017,10,Delaware,97,765
2017,11,District of Columbia,161,561
2017,12,Florida,1575,18142
2017,13,Georgia,630,11244
2017,15,Hawaii,92,356
2017,16,Idaho,213,566
2017,17,Illinois,826,10246
2017,18,Indiana,303,2915
2017,19,Iowa,205,3445
2017,20,Kansas,139,1635
2017,21,Kentucky,202,3610
2017,22,Louisiana,271,2159
2017,23,Maine,68,594
2017,24,Maryland,336,3608
2017,25,Massachusetts,522,8848
2017,26,Michigan,1129,6388
2017,27,Minnesota,471,7004
2017,28,Mississippi,97,868
2017,29,Missouri,392,10274
2017,30,Montana,77,440
2017,31,Nebraska,121,4682
2017,32,Nevada,250,1924
2017,33,New Hampshire,103,1549
2017,34,New Jersey,583,9810
2017,35,New Mexico,114,496
2017,36,New York,1053,17765
2017,37,North Carolina,681,13825
2017,38,North Dakota,30,555
2017,39,Ohio,538,7272
2017,40,Oklahoma,173,1281
2017,41,Oregon,318,4795
2017,42,Pennsylvania,691,8973
2017,44,Rhode Island,138,547
2017,45,South Carolina,374,2942
2017,46,South Dakota,78,134
2017,47,Tennessee,505,5592
2017,48,Texas,1229,32465
2017,49,Utah,292,5669
2017,50,Vermont,43,237
2017,51,Virginia,700,11276
2017,53,Washington,709,11210
2017,54,West Virginia,85,858
2017,55,Wisconsin,224,7594
2017,56,Wyoming,37,198
2018,1,Alabama,404,2428
2018,2,Alaska,29,72
2018,4,Arizona,529,9713
2018,5,Arkansas,286,1415
2018,6,California,2681,48702
2018,8,Colorado,1174,12324
2018,9,Connecticut,233,1856
2018,10,Delaware,104,459
2018,11,District of Columbia,214,931
2018,12,Florida,1630,18900
2018,13,Georgia,761,12664
2018,15,Hawaii,102,357
2018,16,Idaho,225,597
2018,17,Illinois,891,10824
2018,18,Indiana,331,2593
2018,19,Iowa,217,3979
2018,20,Kansas,140,1874
2018,21,Kentucky,205,3629
2018,22,Louisiana,289,2187
2018,23,Maine,85,601
2018,24,Maryland,346,3512
2018,25,Massachusetts,598,8895
2018,26,Michigan,1272,6955
2018,27,Minnesota,563,7291
2018,28,Mississippi,96,870
2018,29,Missouri,385,10584
2018,30,Montana,83,507
2018,31,Nebraska,125,4455
2018,32,Nevada,271,2578
2018,33,New Hampshire,114,1422
2018,34,New Jersey,637,10064
2018,35,New Mexico,125,553
2018,36,New York,1150,19543
2018,37,North Carolina,742,14629
2018,38,North Dakota,31,547
2018,39,Ohio,631,7970
2018,40,Oklahoma,171,1175
2018,41,Oregon,308,5082
2018,42,Pennsylvania,764,9406
2018,44,Rhode Island,135,559
2018,45,South Carolina,424,3628
2018,46,South Dakota,76,149
2018,47,Tennessee,559,5820
2018,48,Texas,1305,33639
2018,49,Utah,324,5444
2018,50,Vermont,52,281
2018,51,Virginia,730,11010
2018,53,Washington,772,11781
2018,54,West Virginia,90,1057
2018,55,Wisconsin,252,7786
2018,56,Wyoming,39,202
2019,1,Alabama,452,2106
2019,2,Alaska,39,81
2019,4,Arizona,615,10203
2019,5,Arkansas,347,1673
2019,6,California,2685,51853
2019,8,Colorado,1252,13846
2019,9,Connecticut,401,1996
2019,10,Delaware,120,375
2019,11,District of Columbia,288,1189
2019,12,Florida,1772,19573
2019,13,Georgia,897,13401
2019,15,Hawaii,119,339
2019,16,Idaho,233,687
2019,17,Illinois,942,10977
2019,18,Indiana,353,2640
2019,19,Iowa,240,3765
2019,20,Kansas,157,1961
2019,21,Kentucky,212,3729
2019,22,Louisiana,310,2400
2019,23,Maine,90,611
2019,24,Maryland,379,3610
2019,25,Massachusetts,702,8122
2019,26,Michigan,1524,7470
2019,27,Minnesota,622,5354
2019,28,Mississippi,97,861
2019,29,Missouri,475,10843
2019,30,Montana,79,510
2019,31,Nebraska,141,4142
2019,32,Nevada,290,2553
2019,33,New Hampshire,138,1324
2019,34,New Jersey,634,10518
2019,35,New Mexico,140,491
2019,36,New York,1236,19601
2019,37,North Carolina,821,9979
2019,38,North Dakota,34,521
2019,39,Ohio,758,8435
2019,40,Oklahoma,190,1437
2019,41,Oregon,377,5547
2019,42,Pennsylvania,891,10010
2019,44,Rhode Island,142,569
2019,45,South Carolina,517,3714
2019,46,South Dakota,92,168
2019,47,Tennessee,600,6031
2019,48,Texas,1494,35964
2019,49,Utah,389,5745
2019,50,Vermont,71,373
2019,51,Virginia,797,13440
2019,53,Washington,830,13892
2019,54,West Virginia,104,1052
2019,55,Wisconsin,268,8188
2019,56,Wyoming,41,193
2020,1,Alabama,553,2122
2020,2,Alaska,54,79
2020,4,Arizona,695,10191
2020,5,Arkansas,541,3392
2020,6,California,2710,54033
2020,8,Colorado,1334,14806
2020,9,Connecticut,652,2383
2020,10,Delaware,132,462
2020,11,District of Columbia,351,1421
2020,12,Florida,2041,20336
2020,13,Georgia,1101,16052
2020,15,Hawaii,169,364
2020,16,Idaho,273,662
2020,17,Illinois,1008,11314
2020,18,Indiana,384,2600
2020,19,Iowa,263,3478
2020,20,Kansas,202,1949
2020,21,Kentucky,258,4037
2020,22,Louisiana,343,2563
2020,23,Maine,105,654
2020,24,Maryland,401,3737
2020,25,Massachusetts,763,8725
2020,26,Michigan,1666,7507
2020,27,Minnesota,665,5526
2020,28,Mississippi,105,915
2020,29,Missouri,595,11746
2020,30,Montana,101,504
2020,31,Nebraska,202,3528
2020,32,Nevada,301,2287
2020,33,New Hampshire,189,1237
2020,34,New Jersey,697,11191
2020,35,New Mexico,162,594
2020,36,New York,1406,20794
2020,37,North Carolina,950,9147
2020,38,North Dakota,38,482
2020,39,Ohio,905,8768
2020,40,Oklahoma,198,1416
2020,41,Oregon,414,6269
2020,42,Pennsylvania,1064,10919
2020,44,Rhode Island,165,542
2020,45,South Carolina,631,3799
2020,46,South Dakota,108,191
2020,47,Tennessee,681,6519
2020,48,Texas,1820,38010
2020,49,Utah,445,5909
2020,50,Vermont,92,390
2020,51,Virginia,851,14370
2020,53,Washington,866,14115
2020,54,West Virginia,110,1056
2020,55,Wisconsin,306,8399
2020,56,Wyoming,46,146
2021,1,Alabama,806,2345
2021,2,Alaska,67,91
2021,4,Arizona,811,11410
2021,5,Arkansas,904,3831
2021,6,California,3126,56642
2021,8,Colorado,1526,15365
2021,9,Connecticut,941,3191
2021,10,Delaware,167,449
2021,11,District of Columbia,401,1667
2021,12,Florida,2505,22961
2021,13,Georgia,1308,19295
2021,15,Hawaii,285,449
2021,16,Idaho,384,745
2021,17,Illinois,1172,12924
2021,18,Indiana,471,2964
2021,19,Iowa,315,3413
2021,20,Kansas,344,2170
2021,21,Kentucky,353,4461
2021,22,Louisiana,439,2892
2021,23,Maine,143,740
2021,24,Maryland,558,3855
2021,25,Massachusetts,977,8968
2021,26,Michigan,1709,8222
2021,27,Minnesota,747,6178
2021,28,Mississippi,142,957
2021,29,Missouri,889,12449
2021,30,Montana,138,474
2021,31,Nebraska,327,2387
2021,32,Nevada,340,2708
2021,33,New Hampshire,239,1338
2021,34,New Jersey,871,11616
2021,35,New Mexico,260,695
2021,36,New York,1485,21333
2021,37,North Carolina,1143,10337
2021,38,North Dakota,54,480
2021,39,Ohio,1163,9036
2021,40,Oklahoma,258,1611
2021,41,Oregon,443,6917
2021,42,Pennsylvania,1454,12199
2021,44,Rhode Island,222,599
2021,45,South Carolina,788,3915
2021,46,South Dakota,154,244
2021,47,Tennessee,843,6900
2021,48,Texas,2315,40859
2021,49,Utah,547,6260
2021,50,Vermont,116,380
2021,51,Virginia,1020,15024
2021,53,Washington,945,15140
2021,54,West Virginia,145,1151
2021,55,Wisconsin,329,8404
2021,56,Wyoming,75,163
2022,1,Alabama,1116,2865
2022,2,Alaska,74,103
2022,4,Arizona,831,12297
2022,5,Arkansas,1252,4595
2022,6,California,3890,71247
2022,8,Colorado,1715,16469
2022,9,Connecticut,1112,3771
2022,10,Delaware,231,502
2022,11,District of Columbia,499,1791
2022,12,Florida,3039,28394
2022,13,Georgia,1490,23111
2022,15,Hawaii,376,618
2022,16,Idaho,510,961
2022,17,Illinois,1389,15033
2022,18,Indiana,595,3399
2022,19,Iowa,399,3478
2022,20,Kansas,529,2549
2022,21,Kentucky,458,4290
2022,22,Louisiana,556,3331
2022,23,Maine,211,817
2022,24,Maryland,995,4851
2022,25,Massachusetts,1311,10155
2022,26,Michigan,1940,10066
2022,27,Minnesota,988,6988
2022,28,Mississippi,208,1058
2022,29,Missouri,1205,13650
2022,30,Montana,171,434
2022,31,Nebraska,358,2346
2022,32,Nevada,370,3127
2022,33,New Hampshire,310,1562
2022,34,New Jersey,1029,13860
2022,35,New Mexico,453,948
2022,36,New York,1760,27248
2022,37,North Carolina,1424,11425
2022,38,North Dakota,159,487
2022,39,Ohio,1520,11913
2022,40,Oklahoma,365,1878
2022,41,Oregon,532,7803
2022,42,Pennsylvania,1804,14134
2022,44,Rhode Island,358,710
2022,45,South Carolina,1110,4454
2022,46,South Dakota,228,336
2022,47,Tennessee,1059,9052
2022,48,Texas,2840,47254
2022,49,Utah,717,7935
2022,50,Vermont,168,469
2022,51,Virginia,1286,17358
2022,53,Washington,1101,26174
2022,54,West Virginia,187,1265
2022,55,Wisconsin,348,8389
2022,56,Wyoming,120,181
2023,1,Alabama,1305,3752
2023,2,Alaska,88,126
2023,4,Arizona,841,12058
2023,5,Arkansas,1242,4598
2023,6,California,4461,83236
2023,8,Colorado,1653,15734
2023,9,Connecticut,1216,3770
2023,10,Delaware,251,511
2023,11,District of Columbia,606,1781
2023,12,Florida,3362,29593
2023,13,Georgia,1840,24726
2023,15,Hawaii,401,613
2023,16,Idaho,677,1157
2023,17,Illinois,1574,15889
2023,18,Indiana,666,3706
2023,19,Iowa,421,3262
2023,20,Kansas,596,2560
2023,21,Kentucky,540,4043
2023,22,Louisiana,586,3396
2023,23,Maine,296,856
2023,24,Maryland,1324,5135
2023,25,Massachusetts,1485,10133
2023,26,Michigan,2184,10527
2023,27,Minnesota,1194,7053
2023,28,Mississippi,269,1011
2023,29,Missouri,1253,14646
2023,30,Montana,211,468
2023,31,Nebraska,356,2175
2023,32,Nevada,374,3211
2023,33,New Hampshire,418,1791
2023,34,New Jersey,1045,14606
2023,35,New Mexico,557,985
2023,36,New York,2118,27892
2023,37,North Carolina,1697,11885
2023,38,North Dakota,196,370
2023,39,Ohio,1777,11974
2023,40,Oklahoma,486,2051
2023,41,Oregon,703,7792
2023,42,Pennsylvania,1862,14426
2023,44,Rhode Island,432,735
2023,45,South Carolina,1301,4246
2023,46,South Dakota,253,359
2023,47,Tennessee,1246,8631
2023,48,Texas,3207,48472
2023,49,Utah,785,7459
2023,50,Vermont,196,511
2023,51,Virginia,1430,18440
2023,53,Washington,1054,24254
2023,54,West Virginia,224,1356
2023,55,Wisconsin,365,8052
2023,56,Wyoming,146,199
2024,01,Alabama,1420,3855
2024,02,Alaska,72,117
2024,04,Arizona,859,11420
2024,05,Arkansas,1067,4205
2024,06,California,4572,79356
2024,08,Colorado,1426,15124
2024,09,Connecticut,1583,4269
2024,10,Delaware,262,502
2024,11,District of Columbia,614,1667
2024,12,Florida,3366,29751
2024,13,Georgia,2269,24526
2024,15,Hawaii,404,544
2024,16,Idaho,816,1278
2024,17,Illinois,1633,16009
2024,18,Indiana,656,3704
2024,19,Iowa,421,3320
2024,20,Kansas,637,2667
2024,21,Kentucky,591,3830
2024,22,Louisiana,575,3341
2024,23,Maine,338,881
2024,24,Maryland,1516,5519
2024,25,Massachusetts,1517,10064
2024,26,Michigan,1917,10323
2024,27,Minnesota,1340,7497
2024,28,Mississippi,282,944
2024,29,Missouri,1163,14588
2024,30,Montana,220,480
2024,31,Nebraska,375,2007
2024,32,Nevada,329,3104
2024,33,New Hampshire,494,1760
2024,34,New Jersey,1038,16390
2024,35,New Mexico,638,1043
2024,36,New York,2464,29033
2024,37,North Carolina,1890,12478
2024,38,North Dakota,178,322
2024,39,Ohio,1912,11858
2024,40,Oklahoma,567,1696
2024,41,Oregon,794,7870
2024,42,Pennsylvania,1797,13679
2024,44,Rhode Island,447,748
2024,45,South Carolina,1439,4034
2024,46,South Dakota,267,390
2024,47,Tennessee,1304,8258
2024,48,Texas,3378,47620
2024,49,Utah,801,7700
2024,50,Vermont,201,510
2024,51,Virginia,1446,19506
2024,53,Washington,1105,24167
2024,54,West Virginia,251,1381
2024,55,Wisconsin,462,8262
2024,56,Wyoming,146,208
